<?xml version="1.0" encoding="UTF-8"?>
<metadata modelVersion="1.1.0">
  <groupId>com.mjc813</groupId>
  <artifactId>GradleTestProject</artifactId>
  <versioning>
    <lastUpdated>20250529100010</lastUpdated>
    <snapshot>
      <localCopy>true</localCopy>
    </snapshot>
    <snapshotVersions>
      <snapshotVersion>
        <extension>jar</extension>
        <value>1.0-SNAPSHOT</value>
        <updated>20250529100010</updated>
      </snapshotVersion>
      <snapshotVersion>
        <extension>pom</extension>
        <value>1.0-SNAPSHOT</value>
        <updated>20250529100010</updated>
      </snapshotVersion>
    </snapshotVersions>
  </versioning>
  <version>1.0-SNAPSHOT</version>
</metadata>
